nM,kinetics,Ligand,PDB_WT,PDB_MUT,DSX.Score,DSX.PCS,DSX.SAS,DSX.ScoreWithoutSAS,DSX.score.refined,DSX.PCS.refined,DSX.SAS.refined,DSX.ScoreWithoutSAS.refined,DSXcsd.Score,DSXcsd.PCS,DSXcsd.SAS,DSXcsd.ScoreWithoutSAS,DSXcsd.score.refined,DSXcsd.PCS.refined,DSXcsd.SAS.refined,DSXcsd.ScoreWithoutSAS.refined,HADDOCK.TotalScoreElec01,HADDOCK.TotalScoreElec02,HADDOCK.vdW,HADDOCK.Electrostatics,HADDOCK.BSA,HADDOCKweb.TotalScoreElec02,HADDOCKweb.vdW,HADDOCKweb.Electrostatics,HADDOCKweb.Desolvation,HADDOCKweb.RestraintsViolation,HADDOCKweb.BSA,KDEEP.pKd,KDEEP.DeltaG,KDEEP.LigEff,KDEEP.pKd.refined,KDEEP.DeltaG.refined,KDEEP.LigEff.refined,KDEEP.protonated.pKd,KDEEP.protonated.DeltaG,KDEEP.protonated.LigEff,KDEEP.protonated.pKd.refined,KDEEP.protonated.DeltaG.refined,KDEEP.protonated.LigEff.refined,PDBePISA.InterfaceAreaA2,PDBePISA.DeltaG,PDBePISA.DeltaGPvalue,PDBePISA.NHB,PDBePISA.InterfaceAreaA2.refined,PDBePISA.DeltaG.refined,PDBePISA.DeltaGPvalue.refined,PDBePISA.NHB.refined,Pose,Rank,Pose.refined,Rank.refined,PRODIGY.DeltaG,PRODIGY.CC,PRODIGY.CO,PRODIGY.CN,PRODIGY.CX,PRODIGY.OO,PRODIGY.OX,PRODIGY.NO,PRODIGY.NN,PRODIGY.NX,PRODIGY.XX,PRODIGY.electrostatics02.refined,PRODIGY.DeltaGscore.refined,PRODIGY.DeltaGelectrostatics.refined,PRODIGY.DeltaG.refined,PRODIGY.CC.refined,PRODIGY.CO.refined,PRODIGY.CN.refined,PRODIGY.CX.refined,PRODIGY.OO.refined,PRODIGY.OX.refined,PRODIGY.NO.refined,PRODIGY.NN.refined,PRODIGY.NX.refined,PRODIGY.XX.refined,,,,,,,,,,,,,,,,,,,,,,,,,,,,,,,,,,,,,,,,,,,,,,,,,,,,,,,,,,,,,,,,,,,,,,,,,,,,,,,,,,,,,,,,,,,,,,,,,,,,,,,,,,,,,,,,,,,,,,,,,,,,,,,,,,,,,,,,,,,,,,,,,,,,,,,,,,,,,,,,,,,,,,,,,,,,,,,,,,,,,,,,,,,,,,,,,,,,,,,,,,,,,,,,,,,,,,,,,,,,,,,,,,,,,,,,,,,,,,,,,,,,,,,,,,,,,,,,,,,,,,,,,,,,,,,,,,,,,,,,,,,,,,,,,,,,,,,,,,,,,,,,,,,,,,,,,,,,,,,,,,,,,,,,,,,,,,,,,,,,,,,,,,,,,,,,,,,,,,,,,,,,,,,,,,,,,,,,,,,,,,,,,,,,,,,,,,,,,,,,,,,,,,,,,,,,,,,,,,,,,,,,,,,,,,,,,,,,,,,,,,,,,,,,,,,,,,,,,,,,,,,,,,,,,,,,,,,,,,,,,,,,,,,,,,,,,,,,,,,,,,,,,,,,,,,,,,,,,,,,,,,,,,,,,,,,,,,,,,,,,,,,,,,,,,,,,,,,,,,,,,,,,,,,,,,,,,,,,,,,,,,,,,,,,,,,,,,,,,,,,,,,,,,,,,,,,,,,,,,,,,,,,,,,,,,,,,,,,,,,,,,,,,,,,,,,,,,,,,,,,,,,,,,,,,,,,,,,,,,,,,,,,,,,,,,,,,,,,,,,,,,,,,,,,,,,,,,,,,,,,,,,,,,,,,,,,,,,,,,,,,,,,,,,,,,,,,,,,,,,,,,,,,,,,,,,,,,,,,,,,,,,,,,,,,,,,,,,,,,,,,,,,,,,,,,,,,,,,,,,,,,,,,,,,,,,,,,,,,,,,,,,,,,,,,,,,,,,,,,,,,,,,,,,,,,,,,,,,,,,,,,,,,,,,,,,,,,,,,,,,,,,,,,,,,,,,,,,,,,,,,,,,,,,,,,,,,,,,,,,,,,
11.57,IC50,4SP,2iw9,2iw8,1.007874164,0.983122363,0.934362383,1.023562425,1.105318375,1.060301508,0.945173148,1.144834829,0.986649234,0.959276018,0.934362383,0.998803927,1.061026005,1.015873016,0.945173148,1.091562726,1.277269553,1.225818118,1.309896442,1.020406818,0.994836638,1.126213592,1.235023041,0.96941896,1.251798561,0,1.013416699,1.010038503,1.009605123,1.03030303,1.017603546,1.018181818,1.03030303,0.999706949,1,1,1.028144474,1.028384279,1.03030303,1.045803417,1.192307692,1.006637168,1,1.022255564,1.206896552,0.901923077,2,0.939481268,0.840043526,1.130879346,0.744186047,0.927961262,0.980225989,0.995785037,0.999272198,0.967741935,1.011494253,1.041666667,1.023178808,1.07960199,1.076923077,#DIV/0!,1.017680311,1.016902448,0.995194556,0.979875984,0.997123682,1.056369786,1.020756116,1.109756098,1.074074074,1.2,1.080139373,1.048309179,1.227272727,#DIV/0!,,,,,,,,,,,,,,,,,,,,,,,,,,,,,,,,,,,,,,,,,,,,,,,,,,,,,,,,,,,,,,,,,,,,,,,,,,,,,,,,,,,,,,,,,,,,,,,,,,,,,,,,,,,,,,,,,,,,,,,,,,,,,,,,,,,,,,,,,,,,,,,,,,,,,,,,,,,,,,,,,,,,,,,,,,,,,,,,,,,,,,,,,,,,,,,,,,,,,,,,,,,,,,,,,,,,,,,,,,,,,,,,,,,,,,,,,,,,,,,,,,,,,,,,,,,,,,,,,,,,,,,,,,,,,,,,,,,,,,,,,,,,,,,,,,,,,,,,,,,,,,,,,,,,,,,,,,,,,,,,,,,,,,,,,,,,,,,,,,,,,,,,,,,,,,,,,,,,,,,,,,,,,,,,,,,,,,,,,,,,,,,,,,,,,,,,,,,,,,,,,,,,,,,,,,,,,,,,,,,,,,,,,,,,,,,,,,,,,,,,,,,,,,,,,,,,,,,,,,,,,,,,,,,,,,,,,,,,,,,,,,,,,,,,,,,,,,,,,,,,,,,,,,,,,,,,,,,,,,,,,,,,,,,,,,,,,,,,,,,,,,,,,,,,,,,,,,,,,,,,,,,,,,,,,,,,,,,,,,,,,,,,,,,,,,,,,,,,,,,,,,,,,,,,,,,,,,,,,,,,,,,,,,,,,,,,,,,,,,,,,,,,,,,,,,,,,,,,,,,,,,,,,,,,,,,,,,,,,,,,,,,,,,,,,,,,,,,,,,,,,,,,,,,,,,,,,,,,,,,,,,,,,,,,,,,,,,,,,,,,,,,,,,,,,,,,,,,,,,,,,,,,,,,,,,,,,,,,,,,,,,,,,,,,,,,,,,,,,,,,,,,,,,,,,,,,,,,,,,,,,,,,,,,,,,,,,,,,,,,,,,,,,,,,,,,,,,,,,,,,,,,,,,,,,,,,,,,,,,,,,,,,,,,,,,,,,,,,,,,,,,,,,,,,,,,,,,,,,,,,,,,,,,,,,,,,,,,,,,,,,,,
0.45,IC50,P3Y,2qoh,2z60,1.010996732,1.004016064,0.993857457,1.014892379,0.967690322,0.969565217,1.30456108,0.910757175,1.036687938,1.02690583,0.993857457,1.047851884,0.981792823,0.980295567,1.30456108,0.918524484,0.951894304,0.922399622,0.928897488,0.894979544,1.004653927,0.89084507,0.905913978,0.946882217,0.798165138,1,1.002549214,1.005803928,1.005758157,1,1.018645721,1.018793274,1.027777778,1.004701824,1.004595588,1,1.008750993,1.008645533,1,0.988606694,2,0.81686747,1,1.007066213,#DIV/0!,0.846153846,1.5,0.916480714,0.693925234,0.96294964,1.101335428,1.007318738,1.002484031,0.999046711,1.004065041,1.034482759,0.971428571,1,0.980487805,0.991735537,1,#DIV/0!,0.83152083,1.027007186,0.989876984,0.994064611,1.003276301,0.984600577,0.993485342,0.774193548,0.969230769,1,0.985507246,1,0.8,#DIV/0!,,,,,,,,,,,,,,,,,,,,,,,,,,,,,,,,,,,,,,,,,,,,,,,,,,,,,,,,,,,,,,,,,,,,,,,,,,,,,,,,,,,,,,,,,,,,,,,,,,,,,,,,,,,,,,,,,,,,,,,,,,,,,,,,,,,,,,,,,,,,,,,,,,,,,,,,,,,,,,,,,,,,,,,,,,,,,,,,,,,,,,,,,,,,,,,,,,,,,,,,,,,,,,,,,,,,,,,,,,,,,,,,,,,,,,,,,,,,,,,,,,,,,,,,,,,,,,,,,,,,,,,,,,,,,,,,,,,,,,,,,,,,,,,,,,,,,,,,,,,,,,,,,,,,,,,,,,,,,,,,,,,,,,,,,,,,,,,,,,,,,,,,,,,,,,,,,,,,,,,,,,,,,,,,,,,,,,,,,,,,,,,,,,,,,,,,,,,,,,,,,,,,,,,,,,,,,,,,,,,,,,,,,,,,,,,,,,,,,,,,,,,,,,,,,,,,,,,,,,,,,,,,,,,,,,,,,,,,,,,,,,,,,,,,,,,,,,,,,,,,,,,,,,,,,,,,,,,,,,,,,,,,,,,,,,,,,,,,,,,,,,,,,,,,,,,,,,,,,,,,,,,,,,,,,,,,,,,,,,,,,,,,,,,,,,,,,,,,,,,,,,,,,,,,,,,,,,,,,,,,,,,,,,,,,,,,,,,,,,,,,,,,,,,,,,,,,,,,,,,,,,,,,,,,,,,,,,,,,,,,,,,,,,,,,,,,,,,,,,,,,,,,,,,,,,,,,,,,,,,,,,,,,,,,,,,,,,,,,,,,,,,,,,,,,,,,,,,,,,,,,,,,,,,,,,,,,,,,,,,,,,,,,,,,,,,,,,,,,,,,,,,,,,,,,,,,,,,,,,,,,,,,,,,,,,,,,,,,,,,,,,,,,,,,,,,,,,,,,,,,,,,,,,,,,,,,,,,,,,,,,,,,,,,,,,,,,,,,,,,,,,,,,,,,,,,,,,,,,,,,,,,,,,,,,,,,,,,,,,,,,,,
1.62,IC50,1BU,3f3v,3f3w,1.014552661,1.012931034,0.882405721,1.04237948,1.135141103,1.111702128,1.332382927,1.103527783,1.006351188,1.004347826,0.882405721,1.032685742,1.077622463,1.06010929,1.332440489,1.035480806,1.02224325,1.018233028,1.022316191,0.862432583,0.991004567,0.988847584,0.970526316,0.91681736,1.067873303,0.333333333,0.987465837,1.047361613,1.047720042,1.04,1.131041461,1.131491713,1.125,1.034609709,1.03516029,1.04,1.120366002,1.120212766,1.12,0.998632479,0.94,1.090361446,0.8,1.021432399,1,0.847311828,1,1.159008369,1.880851064,0.862459547,0.186523438,0.999010762,1.015919811,0.967741935,1.021336328,1.367647059,0.918918919,1.5,0.976271186,1.033755274,1.444444444,#DIV/0!,1.078615167,1.046657216,0.98364176,0.963858281,0.957163531,0.967588179,0.958700441,1.333333333,1,2,0.996466431,0.978448276,1.315789474,#DIV/0!,,,,,,,,,,,,,,,,,,,,,,,,,,,,,,,,,,,,,,,,,,,,,,,,,,,,,,,,,,,,,,,,,,,,,,,,,,,,,,,,,,,,,,,,,,,,,,,,,,,,,,,,,,,,,,,,,,,,,,,,,,,,,,,,,,,,,,,,,,,,,,,,,,,,,,,,,,,,,,,,,,,,,,,,,,,,,,,,,,,,,,,,,,,,,,,,,,,,,,,,,,,,,,,,,,,,,,,,,,,,,,,,,,,,,,,,,,,,,,,,,,,,,,,,,,,,,,,,,,,,,,,,,,,,,,,,,,,,,,,,,,,,,,,,,,,,,,,,,,,,,,,,,,,,,,,,,,,,,,,,,,,,,,,,,,,,,,,,,,,,,,,,,,,,,,,,,,,,,,,,,,,,,,,,,,,,,,,,,,,,,,,,,,,,,,,,,,,,,,,,,,,,,,,,,,,,,,,,,,,,,,,,,,,,,,,,,,,,,,,,,,,,,,,,,,,,,,,,,,,,,,,,,,,,,,,,,,,,,,,,,,,,,,,,,,,,,,,,,,,,,,,,,,,,,,,,,,,,,,,,,,,,,,,,,,,,,,,,,,,,,,,,,,,,,,,,,,,,,,,,,,,,,,,,,,,,,,,,,,,,,,,,,,,,,,,,,,,,,,,,,,,,,,,,,,,,,,,,,,,,,,,,,,,,,,,,,,,,,,,,,,,,,,,,,,,,,,,,,,,,,,,,,,,,,,,,,,,,,,,,,,,,,,,,,,,,,,,,,,,,,,,,,,,,,,,,,,,,,,,,,,,,,,,,,,,,,,,,,,,,,,,,,,,,,,,,,,,,,,,,,,,,,,,,,,,,,,,,,,,,,,,,,,,,,,,,,,,,,,,,,,,,,,,,,,,,,,,,,,,,,,,,,,,,,,,,,,,,,,,,,,,,,,,,,,,,,,,,,,,,,,,,,,,,,,,,,,,,,,,,,,,,,,,,,,,,,,,,,,,,,,,,,,,,,,,,,,,,,,,,,,,,,,,,,,,,,,,,,,,,,,,
5.00,IC50,919,3qri,3qrj,1.020756675,1.03930131,1.227573208,0.984210958,0.932363554,0.989583333,1.050018644,0.905862874,0.989213464,1.00913242,1.227573208,0.944965061,0.95222041,1.005319149,1.050018644,0.92960609,1.035578159,1.038601268,0.932847572,1.102927172,0.983802498,1.057437408,0.961620469,1.025862069,1.76056338,#DIV/0!,0.987975416,0.980264843,0.980750722,1,0.962401225,0.962607862,0.96,0.999820963,1,1,0.933567511,0.933823529,0.925925926,0.988134476,0.897727273,1.346774194,1.2,0.976385865,0.955555556,0.968152866,1,1.009688749,1.248230297,0.833357256,0.654647887,1.011117048,0.999470899,0.969993022,1.004011461,0.983695652,0.963636364,0.976744186,0.966360856,0.989847716,0.928571429,1,1.009266494,0.999573975,0.995370401,0.998124387,0.97997365,0.961565339,0.971014493,0.978142077,0.931034483,0.976190476,0.969879518,0.951456311,0.926829268,1,,,,,,,,,,,,,,,,,,,,,,,,,,,,,,,,,,,,,,,,,,,,,,,,,,,,,,,,,,,,,,,,,,,,,,,,,,,,,,,,,,,,,,,,,,,,,,,,,,,,,,,,,,,,,,,,,,,,,,,,,,,,,,,,,,,,,,,,,,,,,,,,,,,,,,,,,,,,,,,,,,,,,,,,,,,,,,,,,,,,,,,,,,,,,,,,,,,,,,,,,,,,,,,,,,,,,,,,,,,,,,,,,,,,,,,,,,,,,,,,,,,,,,,,,,,,,,,,,,,,,,,,,,,,,,,,,,,,,,,,,,,,,,,,,,,,,,,,,,,,,,,,,,,,,,,,,,,,,,,,,,,,,,,,,,,,,,,,,,,,,,,,,,,,,,,,,,,,,,,,,,,,,,,,,,,,,,,,,,,,,,,,,,,,,,,,,,,,,,,,,,,,,,,,,,,,,,,,,,,,,,,,,,,,,,,,,,,,,,,,,,,,,,,,,,,,,,,,,,,,,,,,,,,,,,,,,,,,,,,,,,,,,,,,,,,,,,,,,,,,,,,,,,,,,,,,,,,,,,,,,,,,,,,,,,,,,,,,,,,,,,,,,,,,,,,,,,,,,,,,,,,,,,,,,,,,,,,,,,,,,,,,,,,,,,,,,,,,,,,,,,,,,,,,,,,,,,,,,,,,,,,,,,,,,,,,,,,,,,,,,,,,,,,,,,,,,,,,,,,,,,,,,,,,,,,,,,,,,,,,,,,,,,,,,,,,,,,,,,,,,,,,,,,,,,,,,,,,,,,,,,,,,,,,,,,,,,,,,,,,,,,,,,,,,,,,,,,,,,,,,,,,,,,,,,,,,,,,,,,,,,,,,,,,,,,,,,,,,,,,,,,,,,,,,,,,,,,,,,,,,,,,,,,,,,,,,,,,,,,,,,,,,,,,,,,,,,,,,,,,,,,,,,,,,,,,,,,,,,,,,,,,,,,,,,,,,,,,,,,,,,,,,,,,,,,,,,,,,,,,,,,,,,,,,,,,,,,,,,,,,,,
2.75,IC50,W2R,3w2s,3w2r,0.894491035,0.96484375,1.027681846,0.873699783,1.061537126,1.038277512,1.016348123,1.068518938,0.920191115,0.9958159,1.027681846,0.902051143,1.029509444,1.01025641,1.016348123,1.031703584,1.021191281,1.003199991,1.085440092,0.789006857,0.993419385,1.03422619,1.07173913,0.870827286,1.108108108,5,0.993008923,0.962634177,0.962047661,0.964285714,0.954743036,0.955109838,0.961538462,0.940248715,0.940536013,0.933333333,0.978017664,0.977674419,0.962962963,0.998142206,#DIV/0!,0.979591837,0.4,0.994104387,0,0.655405405,0.4,0.797528972,0.590115419,0.903280784,0.597513089,1.038445679,1.0110957,0.997928177,1.071340713,1.098591549,0.933823529,1.097560976,1.005988024,1.082901554,1.204545455,1.5,0.947004279,1.017317057,0.992415674,1.019421902,1.019691325,1.002024291,1.094717668,1.310810811,0.963235294,1.333333333,1.041791045,1.139784946,1.4375,#DIV/0!,,,,,,,,,,,,,,,,,,,,,,,,,,,,,,,,,,,,,,,,,,,,,,,,,,,,,,,,,,,,,,,,,,,,,,,,,,,,,,,,,,,,,,,,,,,,,,,,,,,,,,,,,,,,,,,,,,,,,,,,,,,,,,,,,,,,,,,,,,,,,,,,,,,,,,,,,,,,,,,,,,,,,,,,,,,,,,,,,,,,,,,,,,,,,,,,,,,,,,,,,,,,,,,,,,,,,,,,,,,,,,,,,,,,,,,,,,,,,,,,,,,,,,,,,,,,,,,,,,,,,,,,,,,,,,,,,,,,,,,,,,,,,,,,,,,,,,,,,,,,,,,,,,,,,,,,,,,,,,,,,,,,,,,,,,,,,,,,,,,,,,,,,,,,,,,,,,,,,,,,,,,,,,,,,,,,,,,,,,,,,,,,,,,,,,,,,,,,,,,,,,,,,,,,,,,,,,,,,,,,,,,,,,,,,,,,,,,,,,,,,,,,,,,,,,,,,,,,,,,,,,,,,,,,,,,,,,,,,,,,,,,,,,,,,,,,,,,,,,,,,,,,,,,,,,,,,,,,,,,,,,,,,,,,,,,,,,,,,,,,,,,,,,,,,,,,,,,,,,,,,,,,,,,,,,,,,,,,,,,,,,,,,,,,,,,,,,,,,,,,,,,,,,,,,,,,,,,,,,,,,,,,,,,,,,,,,,,,,,,,,,,,,,,,,,,,,,,,,,,,,,,,,,,,,,,,,,,,,,,,,,,,,,,,,,,,,,,,,,,,,,,,,,,,,,,,,,,,,,,,,,,,,,,,,,,,,,,,,,,,,,,,,,,,,,,,,,,,,,,,,,,,,,,,,,,,,,,,,,,,,,,,,,,,,,,,,,,,,,,,,,,,,,,,,,,,,,,,,,,,,,,,,,,,,,,,,,,,,,,,,,,,,,,,,,,,,,,,,,,,,,,,,,,,,,,,,,,,,,,,,,,,,,,,,,,,,,,,,,,,,,,,,,,,,,,,,,,,,,,,,,,,,,,,,,,,,,,,,,,,,,,
16.91,IC50,AU5,5ap0,5ap3,0.978133401,1.008695652,1.69761247,0.92271273,0.987050769,0.966386555,0.832657575,1.010501228,0.985375476,1.019047619,1.69761247,0.925037193,1.003223868,0.981132075,0.832657575,1.032909931,1.242767957,1.177036962,1.047219075,0.658309776,0.963587002,1.12345679,1.069306931,0.742251223,2.163934426,1,1,0.949942443,0.950149551,0.966666667,0.985428775,0.984599589,0.966666667,0.946982821,0.946830266,0.933333333,1.008376154,1.008350731,1,0.960313572,0.857142857,1.115625,#DIV/0!,0.98319769,-0.111111111,1.109540636,#DIV/0!,0.870937573,0.716748768,1.001443597,1.033171521,0.983566111,0.993539455,0.986125934,1.000814996,1,0.987951807,1,1,1.024242424,1,#DIV/0!,0.521833442,1.108037883,0.951090988,0.995584899,0.991510277,1.013829787,1,1.058823529,1.063291139,1,0.996296296,1.005747126,1,#DIV/0!,,,,,,,,,,,,,,,,,,,,,,,,,,,,,,,,,,,,,,,,,,,,,,,,,,,,,,,,,,,,,,,,,,,,,,,,,,,,,,,,,,,,,,,,,,,,,,,,,,,,,,,,,,,,,,,,,,,,,,,,,,,,,,,,,,,,,,,,,,,,,,,,,,,,,,,,,,,,,,,,,,,,,,,,,,,,,,,,,,,,,,,,,,,,,,,,,,,,,,,,,,,,,,,,,,,,,,,,,,,,,,,,,,,,,,,,,,,,,,,,,,,,,,,,,,,,,,,,,,,,,,,,,,,,,,,,,,,,,,,,,,,,,,,,,,,,,,,,,,,,,,,,,,,,,,,,,,,,,,,,,,,,,,,,,,,,,,,,,,,,,,,,,,,,,,,,,,,,,,,,,,,,,,,,,,,,,,,,,,,,,,,,,,,,,,,,,,,,,,,,,,,,,,,,,,,,,,,,,,,,,,,,,,,,,,,,,,,,,,,,,,,,,,,,,,,,,,,,,,,,,,,,,,,,,,,,,,,,,,,,,,,,,,,,,,,,,,,,,,,,,,,,,,,,,,,,,,,,,,,,,,,,,,,,,,,,,,,,,,,,,,,,,,,,,,,,,,,,,,,,,,,,,,,,,,,,,,,,,,,,,,,,,,,,,,,,,,,,,,,,,,,,,,,,,,,,,,,,,,,,,,,,,,,,,,,,,,,,,,,,,,,,,,,,,,,,,,,,,,,,,,,,,,,,,,,,,,,,,,,,,,,,,,,,,,,,,,,,,,,,,,,,,,,,,,,,,,,,,,,,,,,,,,,,,,,,,,,,,,,,,,,,,,,,,,,,,,,,,,,,,,,,,,,,,,,,,,,,,,,,,,,,,,,,,,,,,,,,,,,,,,,,,,,,,,,,,,,,,,,,,,,,,,,,,,,,,,,,,,,,,,,,,,,,,,,,,,,,,,,,,,,,,,,,,,,,,,,,,,,,,,,,,,,,,,,,,,,,,,,,,,,,,,,,,,,,,,,,,,,,,,,,,,,,,,,,,,,,,,,,,,,
32.41,IC50,O38,5ap1,5ap4,0.993354336,1.018348624,0.967370711,0.99612464,0.959039861,0.956730769,1.025701525,0.953080151,0.996861726,1.024271845,0.967370711,1.000140423,0.980829776,0.978494624,1.025701525,0.976402112,1.087688057,0.952242809,1.06265745,0.724947005,0.976816967,0.943977591,1.049275362,0.450124688,3.469387755,3,0.968395462,0.973243826,0.973409307,0.96969697,1.012180156,1.012833169,1,0.972323887,0.971883786,0.96969697,0.989816269,0.990196078,1,0.978830205,0.842105263,0.898047722,1,0.952704136,0.736842105,0.827004219,1,0.806475531,-0.537735849,0.888986979,0.444010417,0.989283815,0.961901169,0.912899669,0.961719275,0.945454545,1.043478261,1,0.878787879,0.956521739,0.894736842,#DIV/0!,0.496985617,1.387261945,0.908013562,1.005544924,0.988454376,0.97246696,0.988258317,1,1.090909091,1,0.972332016,0.976958525,0.882352941,#DIV/0!,,,,,,,,,,,,,,,,,,,,,,,,,,,,,,,,,,,,,,,,,,,,,,,,,,,,,,,,,,,,,,,,,,,,,,,,,,,,,,,,,,,,,,,,,,,,,,,,,,,,,,,,,,,,,,,,,,,,,,,,,,,,,,,,,,,,,,,,,,,,,,,,,,,,,,,,,,,,,,,,,,,,,,,,,,,,,,,,,,,,,,,,,,,,,,,,,,,,,,,,,,,,,,,,,,,,,,,,,,,,,,,,,,,,,,,,,,,,,,,,,,,,,,,,,,,,,,,,,,,,,,,,,,,,,,,,,,,,,,,,,,,,,,,,,,,,,,,,,,,,,,,,,,,,,,,,,,,,,,,,,,,,,,,,,,,,,,,,,,,,,,,,,,,,,,,,,,,,,,,,,,,,,,,,,,,,,,,,,,,,,,,,,,,,,,,,,,,,,,,,,,,,,,,,,,,,,,,,,,,,,,,,,,,,,,,,,,,,,,,,,,,,,,,,,,,,,,,,,,,,,,,,,,,,,,,,,,,,,,,,,,,,,,,,,,,,,,,,,,,,,,,,,,,,,,,,,,,,,,,,,,,,,,,,,,,,,,,,,,,,,,,,,,,,,,,,,,,,,,,,,,,,,,,,,,,,,,,,,,,,,,,,,,,,,,,,,,,,,,,,,,,,,,,,,,,,,,,,,,,,,,,,,,,,,,,,,,,,,,,,,,,,,,,,,,,,,,,,,,,,,,,,,,,,,,,,,,,,,,,,,,,,,,,,,,,,,,,,,,,,,,,,,,,,,,,,,,,,,,,,,,,,,,,,,,,,,,,,,,,,,,,,,,,,,,,,,,,,,,,,,,,,,,,,,,,,,,,,,,,,,,,,,,,,,,,,,,,,,,,,,,,,,,,,,,,,,,,,,,,,,,,,,,,,,,,,,,,,,,,,,,,,,,,,,,,,,,,,,,,,,,,,,,,,,,,,,,,,,,,,,,,,,,,,,,,,,,,,,,,,,,,,,,,,,,,,,,,,,,,,,,,,,,,,,,,,,,,,,,,,,,,
4.03,IC50,PWU,5ap2,5ap6,1.000583251,0.950413223,0.966037292,1.005991292,1.126117994,1.022123894,1.318874329,1.092242169,1.029226901,0.977375566,0.966037292,1.040252905,1.18819935,1.073891626,1.318874329,1.162101231,1.081984803,1.118805644,1.154052455,1.571249487,0.978978282,1.097087379,1.176315789,2.018072289,0.509803922,1.666666667,0.979382592,0.994861375,0.994910941,1,1.05764064,1.058023572,1.03125,0.998783229,0.999160369,1,1.06529112,1.065158371,1.0625,1.010475592,1.125,1.033707865,1,0.97209496,1,0.954198473,0.5,1.03869969,0.96941562,1.025914634,0.735820896,1.045889393,1.065758092,1.045620438,1.05924018,0.545454545,1.048192771,0.714285714,1.022801303,1.033816425,0.6875,#DIV/0!,0.974774871,0.948178883,1.023790624,1.030683372,1.063333333,1.01055409,1.061414392,0.610169492,0.975903614,0.714285714,1.029032258,1.057416268,0.733333333,#DIV/0!,,,,,,,,,,,,,,,,,,,,,,,,,,,,,,,,,,,,,,,,,,,,,,,,,,,,,,,,,,,,,,,,,,,,,,,,,,,,,,,,,,,,,,,,,,,,,,,,,,,,,,,,,,,,,,,,,,,,,,,,,,,,,,,,,,,,,,,,,,,,,,,,,,,,,,,,,,,,,,,,,,,,,,,,,,,,,,,,,,,,,,,,,,,,,,,,,,,,,,,,,,,,,,,,,,,,,,,,,,,,,,,,,,,,,,,,,,,,,,,,,,,,,,,,,,,,,,,,,,,,,,,,,,,,,,,,,,,,,,,,,,,,,,,,,,,,,,,,,,,,,,,,,,,,,,,,,,,,,,,,,,,,,,,,,,,,,,,,,,,,,,,,,,,,,,,,,,,,,,,,,,,,,,,,,,,,,,,,,,,,,,,,,,,,,,,,,,,,,,,,,,,,,,,,,,,,,,,,,,,,,,,,,,,,,,,,,,,,,,,,,,,,,,,,,,,,,,,,,,,,,,,,,,,,,,,,,,,,,,,,,,,,,,,,,,,,,,,,,,,,,,,,,,,,,,,,,,,,,,,,,,,,,,,,,,,,,,,,,,,,,,,,,,,,,,,,,,,,,,,,,,,,,,,,,,,,,,,,,,,,,,,,,,,,,,,,,,,,,,,,,,,,,,,,,,,,,,,,,,,,,,,,,,,,,,,,,,,,,,,,,,,,,,,,,,,,,,,,,,,,,,,,,,,,,,,,,,,,,,,,,,,,,,,,,,,,,,,,,,,,,,,,,,,,,,,,,,,,,,,,,,,,,,,,,,,,,,,,,,,,,,,,,,,,,,,,,,,,,,,,,,,,,,,,,,,,,,,,,,,,,,,,,,,,,,,,,,,,,,,,,,,,,,,,,,,,,,,,,,,,,,,,,,,,,,,,,,,,,,,,,,,,,,,,,,,,,,,,,,,,,,,,,,,,,,,,,,,,,,,,,,,,,,,,,,,,,,,,,,,,,,,,,,,,,,,,,,,,,,,,,,,,,,,,,,,,,,,,,,,,,,,
0.50,Kd,R69,1xh4,1xh9,1.043898975,1.051401869,1.103689194,1.033991192,1.05838924,1.094444444,1.085231216,1.052744351,1.025767939,1.028301887,1.103689194,1.012734541,0.997943293,1.034090909,1.085231216,0.979209402,0.74909294,0.792647894,0.987315939,0.915011441,0.968865613,0.832478632,0.940568475,0.995630803,-2.352941176,#DIV/0!,0.971498771,1.039575092,1.039361702,1.04,1.022931761,1.023281596,1.041666667,1.041569133,1.04154002,1.037037037,1.00806959,1.007415254,1,0.965397924,0.984496124,0.814360771,1.25,0.973299195,1.014925373,0.880217786,0.9,1.00661944,1.033246073,0.942811043,0.744572748,1.001400009,0.991891892,1.008333333,1.001364256,1.348837209,1,1.285714286,1.015673981,1,1.666666667,#DIV/0!,1.020751784,1.058013974,0.999887356,0.988025188,0.980550569,1,0.981830417,1.457142857,0.979310345,1.166666667,1.009615385,0.987261146,1.8,#DIV/0!,,,,,,,,,,,,,,,,,,,,,,,,,,,,,,,,,,,,,,,,,,,,,,,,,,,,,,,,,,,,,,,,,,,,,,,,,,,,,,,,,,,,,,,,,,,,,,,,,,,,,,,,,,,,,,,,,,,,,,,,,,,,,,,,,,,,,,,,,,,,,,,,,,,,,,,,,,,,,,,,,,,,,,,,,,,,,,,,,,,,,,,,,,,,,,,,,,,,,,,,,,,,,,,,,,,,,,,,,,,,,,,,,,,,,,,,,,,,,,,,,,,,,,,,,,,,,,,,,,,,,,,,,,,,,,,,,,,,,,,,,,,,,,,,,,,,,,,,,,,,,,,,,,,,,,,,,,,,,,,,,,,,,,,,,,,,,,,,,,,,,,,,,,,,,,,,,,,,,,,,,,,,,,,,,,,,,,,,,,,,,,,,,,,,,,,,,,,,,,,,,,,,,,,,,,,,,,,,,,,,,,,,,,,,,,,,,,,,,,,,,,,,,,,,,,,,,,,,,,,,,,,,,,,,,,,,,,,,,,,,,,,,,,,,,,,,,,,,,,,,,,,,,,,,,,,,,,,,,,,,,,,,,,,,,,,,,,,,,,,,,,,,,,,,,,,,,,,,,,,,,,,,,,,,,,,,,,,,,,,,,,,,,,,,,,,,,,,,,,,,,,,,,,,,,,,,,,,,,,,,,,,,,,,,,,,,,,,,,,,,,,,,,,,,,,,,,,,,,,,,,,,,,,,,,,,,,,,,,,,,,,,,,,,,,,,,,,,,,,,,,,,,,,,,,,,,,,,,,,,,,,,,,,,,,,,,,,,,,,,,,,,,,,,,,,,,,,,,,,,,,,,,,,,,,,,,,,,,,,,,,,,,,,,,,,,,,,,,,,,,,,,,,,,,,,,,,,,,,,,,,,,,,,,,,,,,,,,,,,,,,,,,,,,,,,,,,,,,,,,,,,,,,,,,,,,,,,,,,,,,,,,,,,,,,,,,,,,,,,,,,,,,,,,,,,,,,,,,,,,,,,,,,,,,,,,,,,,,,,,,,,,
2.31,Kd,IRE,2ity,2ito,1.109073013,1.02283105,1.559773214,1.053166489,1.003854556,1.018867925,1.392345585,0.95855023,1.122711464,1.034482759,1.559773214,1.063881469,1.004701237,1.025,1.392345585,0.956604732,1.431154453,1.424204522,1.02582614,1.476138877,1.022762895,1.525059666,1.010526316,1.51529052,38.5,1.4,1.010273533,0.997707143,0.997946612,1,1.041795261,1.042093288,1.071428571,1.001169004,1.001036269,1,1.042047818,1.042154567,1.035714286,0.991238183,0.942307692,1.1875,1,1.047070606,1.010204082,1.638095238,0.666666667,1.310916835,2.171021378,1.052962298,1.120195241,1.027727005,1.032712403,1.095953757,1.038385827,1.033333333,1.136363636,1.078947368,1.052083333,1.008264463,1,1,1.685134913,0.854996128,1.051451101,0.998637375,1.024336283,1.039911308,1.015414258,1.016483516,1.080645161,1.102564103,1.037234043,1,1.066666667,0.75,,,,,,,,,,,,,,,,,,,,,,,,,,,,,,,,,,,,,,,,,,,,,,,,,,,,,,,,,,,,,,,,,,,,,,,,,,,,,,,,,,,,,,,,,,,,,,,,,,,,,,,,,,,,,,,,,,,,,,,,,,,,,,,,,,,,,,,,,,,,,,,,,,,,,,,,,,,,,,,,,,,,,,,,,,,,,,,,,,,,,,,,,,,,,,,,,,,,,,,,,,,,,,,,,,,,,,,,,,,,,,,,,,,,,,,,,,,,,,,,,,,,,,,,,,,,,,,,,,,,,,,,,,,,,,,,,,,,,,,,,,,,,,,,,,,,,,,,,,,,,,,,,,,,,,,,,,,,,,,,,,,,,,,,,,,,,,,,,,,,,,,,,,,,,,,,,,,,,,,,,,,,,,,,,,,,,,,,,,,,,,,,,,,,,,,,,,,,,,,,,,,,,,,,,,,,,,,,,,,,,,,,,,,,,,,,,,,,,,,,,,,,,,,,,,,,,,,,,,,,,,,,,,,,,,,,,,,,,,,,,,,,,,,,,,,,,,,,,,,,,,,,,,,,,,,,,,,,,,,,,,,,,,,,,,,,,,,,,,,,,,,,,,,,,,,,,,,,,,,,,,,,,,,,,,,,,,,,,,,,,,,,,,,,,,,,,,,,,,,,,,,,,,,,,,,,,,,,,,,,,,,,,,,,,,,,,,,,,,,,,,,,,,,,,,,,,,,,,,,,,,,,,,,,,,,,,,,,,,,,,,,,,,,,,,,,,,,,,,,,,,,,,,,,,,,,,,,,,,,,,,,,,,,,,,,,,,,,,,,,,,,,,,,,,,,,,,,,,,,,,,,,,,,,,,,,,,,,,,,,,,,,,,,,,,,,,,,,,,,,,,,,,,,,,,,,,,,,,,,,,,,,,,,,,,,,,,,,,,,,,,,,,,,,,,,,,,,,,,,,,,,,,,,,,,,,,,,,,,,,,,,,,,,,,,,,,,,,,,,,,,,,,,,,,,,,,,,,,,,,,,,,,,,,,,,,,,,,,,,,,,,
0.05,Kd,IRE,2ity,2itz,1.060980169,1.01369863,0.945861854,1.075259872,0.80367093,0.910377358,1.052823039,0.774615772,1.079877289,1.034482759,0.945861854,1.097916221,0.796684038,0.9,1.052823039,0.7649039,0.935922638,1.010974873,0.966445239,1.490895566,0.996098434,1.093078759,0.922807018,1.594801223,-3.25,1.6,0.984332862,0.99208441,0.992813142,1,1.012491181,1.012514221,1.035714286,0.994789458,0.994818653,1,0.985098113,0.985948478,0.964285714,0.983168089,1.019230769,1.171195652,1.5,0.991737606,1,1.457142857,1,1.235373235,1.840855107,0.829667864,0.958511287,1.01607711,1.056792367,1.067052023,1.062992126,1.033333333,1.090909091,1.013157895,1.078125,1.074380165,1.036144578,1,1.670067031,0.869698007,1.043619652,1.008942669,1.004867257,1.006651885,1.023121387,1.06043956,1.032258065,1.102564103,0.978723404,0.991452991,1.111111111,0.75,,,,,,,,,,,,,,,,,,,,,,,,,,,,,,,,,,,,,,,,,,,,,,,,,,,,,,,,,,,,,,,,,,,,,,,,,,,,,,,,,,,,,,,,,,,,,,,,,,,,,,,,,,,,,,,,,,,,,,,,,,,,,,,,,,,,,,,,,,,,,,,,,,,,,,,,,,,,,,,,,,,,,,,,,,,,,,,,,,,,,,,,,,,,,,,,,,,,,,,,,,,,,,,,,,,,,,,,,,,,,,,,,,,,,,,,,,,,,,,,,,,,,,,,,,,,,,,,,,,,,,,,,,,,,,,,,,,,,,,,,,,,,,,,,,,,,,,,,,,,,,,,,,,,,,,,,,,,,,,,,,,,,,,,,,,,,,,,,,,,,,,,,,,,,,,,,,,,,,,,,,,,,,,,,,,,,,,,,,,,,,,,,,,,,,,,,,,,,,,,,,,,,,,,,,,,,,,,,,,,,,,,,,,,,,,,,,,,,,,,,,,,,,,,,,,,,,,,,,,,,,,,,,,,,,,,,,,,,,,,,,,,,,,,,,,,,,,,,,,,,,,,,,,,,,,,,,,,,,,,,,,,,,,,,,,,,,,,,,,,,,,,,,,,,,,,,,,,,,,,,,,,,,,,,,,,,,,,,,,,,,,,,,,,,,,,,,,,,,,,,,,,,,,,,,,,,,,,,,,,,,,,,,,,,,,,,,,,,,,,,,,,,,,,,,,,,,,,,,,,,,,,,,,,,,,,,,,,,,,,,,,,,,,,,,,,,,,,,,,,,,,,,,,,,,,,,,,,,,,,,,,,,,,,,,,,,,,,,,,,,,,,,,,,,,,,,,,,,,,,,,,,,,,,,,,,,,,,,,,,,,,,,,,,,,,,,,,,,,,,,,,,,,,,,,,,,,,,,,,,,,,,,,,,,,,,,,,,,,,,,,,,,,,,,,,,,,,,,,,,,,,,,,,,,,,,,,,,,,,,,,,,,,,,,,,,,,,,,,,,,,,,,,,,,,,,,,,,,,,,,,,,,,,,,,,,,,,,,,,,,,,
1.04,Kd,AEE,2j6m,2itp,1.224943614,1.17989418,0.813264024,1.295458103,0.992271061,1,1.153273894,0.97017984,1.236721562,1.192546584,0.813264024,1.324507076,0.992752338,1,1.153273894,0.967534437,1.063248153,1.043112691,0.976989789,1.22405645,1.011294402,1.031788079,1.003205128,1.029077118,1.1015625,0.75,1.016419172,1.022100522,1.023148148,1.038461538,1.014831127,1.014925373,1.035714286,1.032799807,1.03255814,1.038461538,1.02379667,1.023479189,1.035714286,1.052354874,1.045454545,0.926380368,1,1.048848569,1.294117647,0.884488449,1,1.139772508,1.219061166,0.953946034,0.94724026,1.026213757,1.046148385,0.996235885,1.016296296,1.161764706,#DIV/0!,#DIV/0!,0.994623656,0.988505747,1.176470588,#DIV/0!,1.429536863,0.744062898,1.07340309,1.054093051,1.049556213,1.02745098,1.042635659,1.231884058,#DIV/0!,#DIV/0!,1,0.987878788,1.235294118,#DIV/0!,,,,,,,,,,,,,,,,,,,,,,,,,,,,,,,,,,,,,,,,,,,,,,,,,,,,,,,,,,,,,,,,,,,,,,,,,,,,,,,,,,,,,,,,,,,,,,,,,,,,,,,,,,,,,,,,,,,,,,,,,,,,,,,,,,,,,,,,,,,,,,,,,,,,,,,,,,,,,,,,,,,,,,,,,,,,,,,,,,,,,,,,,,,,,,,,,,,,,,,,,,,,,,,,,,,,,,,,,,,,,,,,,,,,,,,,,,,,,,,,,,,,,,,,,,,,,,,,,,,,,,,,,,,,,,,,,,,,,,,,,,,,,,,,,,,,,,,,,,,,,,,,,,,,,,,,,,,,,,,,,,,,,,,,,,,,,,,,,,,,,,,,,,,,,,,,,,,,,,,,,,,,,,,,,,,,,,,,,,,,,,,,,,,,,,,,,,,,,,,,,,,,,,,,,,,,,,,,,,,,,,,,,,,,,,,,,,,,,,,,,,,,,,,,,,,,,,,,,,,,,,,,,,,,,,,,,,,,,,,,,,,,,,,,,,,,,,,,,,,,,,,,,,,,,,,,,,,,,,,,,,,,,,,,,,,,,,,,,,,,,,,,,,,,,,,,,,,,,,,,,,,,,,,,,,,,,,,,,,,,,,,,,,,,,,,,,,,,,,,,,,,,,,,,,,,,,,,,,,,,,,,,,,,,,,,,,,,,,,,,,,,,,,,,,,,,,,,,,,,,,,,,,,,,,,,,,,,,,,,,,,,,,,,,,,,,,,,,,,,,,,,,,,,,,,,,,,,,,,,,,,,,,,,,,,,,,,,,,,,,,,,,,,,,,,,,,,,,,,,,,,,,,,,,,,,,,,,,,,,,,,,,,,,,,,,,,,,,,,,,,,,,,,,,,,,,,,,,,,,,,,,,,,,,,,,,,,,,,,,,,,,,,,,,,,,,,,,,,,,,,,,,,,,,,,,,,,,,,,,,,,,,,,,,,,,,,,,,,,,,,,,,,,,,,,,,,,,,,,,,,,,,,,,,,,,,,,,,,,,,,,,
0.16,Kd,AEE,2j6m,2itt,1.290351683,1.253968254,0.973894665,1.344555986,0.877200315,0.840517241,0.905900392,0.873262374,1.307461428,1.267080745,0.973894665,1.376611996,0.922002822,0.888349515,0.905900392,0.92453251,1.080557097,1.142709472,1.008704378,1.334833707,1.003437788,1.116556291,0.951923077,1.345132743,0.9453125,3,0.987323434,1.065555539,1.065972222,1.076923077,1.013370034,1.013859275,1.035714286,1.088162184,1.088372093,1.076923077,0.998003553,0.997865528,1,1.014238773,0.96969697,1.077709611,1,1.013724122,1.137254902,1.057755776,1,0.989010989,0.716216216,0.738283628,0.818993506,1.00706255,1.007099752,0.946047679,0.988148148,1.014705882,#DIV/0!,#DIV/0!,0.930107527,0.971264368,1.058823529,#DIV/0!,2.176321792,0.452515846,1.151559218,1.036429503,1.023668639,0.964705882,1.018604651,1.057971014,#DIV/0!,#DIV/0!,0.971590909,0.975757576,1.058823529,#DIV/0!,,,,,,,,,,,,,,,,,,,,,,,,,,,,,,,,,,,,,,,,,,,,,,,,,,,,,,,,,,,,,,,,,,,,,,,,,,,,,,,,,,,,,,,,,,,,,,,,,,,,,,,,,,,,,,,,,,,,,,,,,,,,,,,,,,,,,,,,,,,,,,,,,,,,,,,,,,,,,,,,,,,,,,,,,,,,,,,,,,,,,,,,,,,,,,,,,,,,,,,,,,,,,,,,,,,,,,,,,,,,,,,,,,,,,,,,,,,,,,,,,,,,,,,,,,,,,,,,,,,,,,,,,,,,,,,,,,,,,,,,,,,,,,,,,,,,,,,,,,,,,,,,,,,,,,,,,,,,,,,,,,,,,,,,,,,,,,,,,,,,,,,,,,,,,,,,,,,,,,,,,,,,,,,,,,,,,,,,,,,,,,,,,,,,,,,,,,,,,,,,,,,,,,,,,,,,,,,,,,,,,,,,,,,,,,,,,,,,,,,,,,,,,,,,,,,,,,,,,,,,,,,,,,,,,,,,,,,,,,,,,,,,,,,,,,,,,,,,,,,,,,,,,,,,,,,,,,,,,,,,,,,,,,,,,,,,,,,,,,,,,,,,,,,,,,,,,,,,,,,,,,,,,,,,,,,,,,,,,,,,,,,,,,,,,,,,,,,,,,,,,,,,,,,,,,,,,,,,,,,,,,,,,,,,,,,,,,,,,,,,,,,,,,,,,,,,,,,,,,,,,,,,,,,,,,,,,,,,,,,,,,,,,,,,,,,,,,,,,,,,,,,,,,,,,,,,,,,,,,,,,,,,,,,,,,,,,,,,,,,,,,,,,,,,,,,,,,,,,,,,,,,,,,,,,,,,,,,,,,,,,,,,,,,,,,,,,,,,,,,,,,,,,,,,,,,,,,,,,,,,,,,,,,,,,,,,,,,,,,,,,,,,,,,,,,,,,,,,,,,,,,,,,,,,,,,,,,,,,,,,,,,,,,,,,,,,,,,,,,,,,,,,,,,,,,,,,,,,,,,,,,,,,,,,,,,,,,,,,,,,,,,
1.1,Kd,B49,3g0e,3g0f,0.954201502,1.035433071,0.975705038,0.949251967,0.949263875,1.004098361,1.077345255,0.919291322,0.967210247,1.04954955,0.975705038,0.964901459,0.933515587,0.99086758,1.077345255,0.895123892,0.847203735,0.844722322,0.947248196,0.93996726,0.98765535,0.913344887,0.932926829,1.012048193,0.864321608,#DIV/0!,0.983509235,0.965553106,0.965207632,0.975,0.913202632,0.913793103,0.928571429,0.942881469,0.943037975,0.953488372,0.928986969,0.928495197,0.930232558,1.001191895,0.93877551,0.953091684,1.333333333,0.981469849,0.882352941,0.910091743,0.666666667,0.952380952,0.934032059,0.926562164,0.866923077,0.962396067,0.937992126,0.931456548,0.94766147,0.914438503,0.893939394,0.954545455,0.967948718,1,0.895833333,1,0.94165785,1.032669093,0.979706093,0.989291795,0.945472736,0.928657799,0.9738041,0.910526316,0.967741935,0.977777778,0.973509934,0.975609756,0.936170213,1,,,,,,,,,,,,,,,,,,,,,,,,,,,,,,,,,,,,,,,,,,,,,,,,,,,,,,,,,,,,,,,,,,,,,,,,,,,,,,,,,,,,,,,,,,,,,,,,,,,,,,,,,,,,,,,,,,,,,,,,,,,,,,,,,,,,,,,,,,,,,,,,,,,,,,,,,,,,,,,,,,,,,,,,,,,,,,,,,,,,,,,,,,,,,,,,,,,,,,,,,,,,,,,,,,,,,,,,,,,,,,,,,,,,,,,,,,,,,,,,,,,,,,,,,,,,,,,,,,,,,,,,,,,,,,,,,,,,,,,,,,,,,,,,,,,,,,,,,,,,,,,,,,,,,,,,,,,,,,,,,,,,,,,,,,,,,,,,,,,,,,,,,,,,,,,,,,,,,,,,,,,,,,,,,,,,,,,,,,,,,,,,,,,,,,,,,,,,,,,,,,,,,,,,,,,,,,,,,,,,,,,,,,,,,,,,,,,,,,,,,,,,,,,,,,,,,,,,,,,,,,,,,,,,,,,,,,,,,,,,,,,,,,,,,,,,,,,,,,,,,,,,,,,,,,,,,,,,,,,,,,,,,,,,,,,,,,,,,,,,,,,,,,,,,,,,,,,,,,,,,,,,,,,,,,,,,,,,,,,,,,,,,,,,,,,,,,,,,,,,,,,,,,,,,,,,,,,,,,,,,,,,,,,,,,,,,,,,,,,,,,,,,,,,,,,,,,,,,,,,,,,,,,,,,,,,,,,,,,,,,,,,,,,,,,,,,,,,,,,,,,,,,,,,,,,,,,,,,,,,,,,,,,,,,,,,,,,,,,,,,,,,,,,,,,,,,,,,,,,,,,,,,,,,,,,,,,,,,,,,,,,,,,,,,,,,,,,,,,,,,,,,,,,,,,,,,,,,,,,,,,,,,,,,,,,,,,,,,,,,,,,,,,,,,,,,,,,,,,,,,,,,,,,,,,,,,,,,,,,,,,,,,,,,,,,,,,,,,,,,,,,,,,,,,,,,,,,,,,,,,,,,,,,,,,,,,,,,,,,,,,,
39.73,Kd,DB8,4mxo,4mxx,0.962127169,0.981481481,0.892910127,0.976086991,1.068326784,0.976851852,1.22455416,1.04461138,0.984224194,1.004807692,0.892910127,1.003118134,1.165126192,1.058510638,1.22455416,1.154574518,0.958712593,0.970579676,1.01109226,1.250691191,1.008548386,0.98858075,0.92834891,1.1203125,0.583333333,1.5,0.995861906,1.006773958,1.006993007,1,1.046205831,1.046305419,1.071428571,1.01465692,1.014155713,1.037037037,1.070188732,1.070320579,1.074074074,0.966047406,0.894736842,1.171745152,1,1.060718424,0.889502762,1.378205128,0,0.99615631,1.11487965,2.491754123,-0.192528736,0.996080653,1.000724113,1.005286344,0.984937238,0.982876712,0.977272727,0.986486486,1.021186441,1.007692308,0.959459459,1.333333333,1.313959527,0.745006451,1.066609205,1.015277946,1.053890079,1.045375218,0.996726678,0.976190476,0.965909091,0.8,0.995670996,0.958677686,0.888888889,#DIV/0!,,,,,,,,,,,,,,,,,,,,,,,,,,,,,,,,,,,,,,,,,,,,,,,,,,,,,,,,,,,,,,,,,,,,,,,,,,,,,,,,,,,,,,,,,,,,,,,,,,,,,,,,,,,,,,,,,,,,,,,,,,,,,,,,,,,,,,,,,,,,,,,,,,,,,,,,,,,,,,,,,,,,,,,,,,,,,,,,,,,,,,,,,,,,,,,,,,,,,,,,,,,,,,,,,,,,,,,,,,,,,,,,,,,,,,,,,,,,,,,,,,,,,,,,,,,,,,,,,,,,,,,,,,,,,,,,,,,,,,,,,,,,,,,,,,,,,,,,,,,,,,,,,,,,,,,,,,,,,,,,,,,,,,,,,,,,,,,,,,,,,,,,,,,,,,,,,,,,,,,,,,,,,,,,,,,,,,,,,,,,,,,,,,,,,,,,,,,,,,,,,,,,,,,,,,,,,,,,,,,,,,,,,,,,,,,,,,,,,,,,,,,,,,,,,,,,,,,,,,,,,,,,,,,,,,,,,,,,,,,,,,,,,,,,,,,,,,,,,,,,,,,,,,,,,,,,,,,,,,,,,,,,,,,,,,,,,,,,,,,,,,,,,,,,,,,,,,,,,,,,,,,,,,,,,,,,,,,,,,,,,,,,,,,,,,,,,,,,,,,,,,,,,,,,,,,,,,,,,,,,,,,,,,,,,,,,,,,,,,,,,,,,,,,,,,,,,,,,,,,,,,,,,,,,,,,,,,,,,,,,,,,,,,,,,,,,,,,,,,,,,,,,,,,,,,,,,,,,,,,,,,,,,,,,,,,,,,,,,,,,,,,,,,,,,,,,,,,,,,,,,,,,,,,,,,,,,,,,,,,,,,,,,,,,,,,,,,,,,,,,,,,,,,,,,,,,,,,,,,,,,,,,,,,,,,,,,,,,,,,,,,,,,,,,,,,,,,,,,,,,,,,,,,,,,,,,,,,,,,,,,,,,,,,,,,,,,,,,,,,,,,,,,,,,,,,,,,,,,,,,,,,,,,,,,,,,,,,,,,,,,,,
29.04,Kd,DB8,4mxo,4mxz,0.966399329,0.986111111,0.892871086,0.981228642,0.874289601,0.884259259,1.18223522,0.827543284,0.917868091,0.9375,0.892871086,0.923040261,0.825950872,0.835106383,1.18223522,0.762691156,1.197157791,1.099355949,0.894080848,0.937872879,0.980648139,1.133768352,0.900311526,0.7703125,5.833333333,1.5,0.915937574,1.004524588,1.004995005,1,0.999037674,0.999014778,1,1.023215571,1.022244692,1.037037037,1.005007472,1.005170631,1,0.989323083,1.015789474,0.925207756,1,0.967555041,0.845303867,1.023504274,0,0.889814222,0.665207877,0.933283358,1.375478927,1.012106161,0.990586531,0.985903084,1.017573222,1.01369863,0.977272727,0.959459459,0.978813559,1.007692308,1.040540541,1,0.654965079,1.187652277,0.952296331,0.974817278,0.995003569,1.005235602,0.976268412,1.214285714,1,0.8,0.987012987,1.008264463,1.111111111,#DIV/0!,,,,,,,,,,,,,,,,,,,,,,,,,,,,,,,,,,,,,,,,,,,,,,,,,,,,,,,,,,,,,,,,,,,,,,,,,,,,,,,,,,,,,,,,,,,,,,,,,,,,,,,,,,,,,,,,,,,,,,,,,,,,,,,,,,,,,,,,,,,,,,,,,,,,,,,,,,,,,,,,,,,,,,,,,,,,,,,,,,,,,,,,,,,,,,,,,,,,,,,,,,,,,,,,,,,,,,,,,,,,,,,,,,,,,,,,,,,,,,,,,,,,,,,,,,,,,,,,,,,,,,,,,,,,,,,,,,,,,,,,,,,,,,,,,,,,,,,,,,,,,,,,,,,,,,,,,,,,,,,,,,,,,,,,,,,,,,,,,,,,,,,,,,,,,,,,,,,,,,,,,,,,,,,,,,,,,,,,,,,,,,,,,,,,,,,,,,,,,,,,,,,,,,,,,,,,,,,,,,,,,,,,,,,,,,,,,,,,,,,,,,,,,,,,,,,,,,,,,,,,,,,,,,,,,,,,,,,,,,,,,,,,,,,,,,,,,,,,,,,,,,,,,,,,,,,,,,,,,,,,,,,,,,,,,,,,,,,,,,,,,,,,,,,,,,,,,,,,,,,,,,,,,,,,,,,,,,,,,,,,,,,,,,,,,,,,,,,,,,,,,,,,,,,,,,,,,,,,,,,,,,,,,,,,,,,,,,,,,,,,,,,,,,,,,,,,,,,,,,,,,,,,,,,,,,,,,,,,,,,,,,,,,,,,,,,,,,,,,,,,,,,,,,,,,,,,,,,,,,,,,,,,,,,,,,,,,,,,,,,,,,,,,,,,,,,,,,,,,,,,,,,,,,,,,,,,,,,,,,,,,,,,,,,,,,,,,,,,,,,,,,,,,,,,,,,,,,,,,,,,,,,,,,,,,,,,,,,,,,,,,,,,,,,,,,,,,,,,,,,,,,,,,,,,,,,,,,,,,,,,,,,,,,,,,,,,,,,,,,,,,,,,,,,,,,,,,,,,,,,,,,,,,,,,,,,,,,,,,,,,,,,
0.35,Kd,38O,5am6,5am7,0.940347253,0.936,0.874367191,0.952599441,0.924499399,0.913934426,0.795188583,0.952837523,0.935530673,0.934210526,0.874367191,0.948038257,0.885362451,0.875,0.795188583,0.906822835,1.526301631,1.469811045,0.996058768,0.911443344,1.021158025,1.64057971,0.993174061,1.066666667,-13.66666667,9,1.009739741,0.984612197,0.985539488,1,1.004383834,1.004291845,1,0.993837226,0.994400896,1,1.025572121,1.025813692,1.032258065,0.98344467,0.777777778,1.043290043,1,0.982603479,0.65,0.848837209,1,0.913014899,0.838546069,1.022693636,0.872362869,1.006931676,1.014367816,1.020833333,1.004409171,1.086956522,0.95,0.942857143,1.014018692,1.020408163,0.96969697,2,0.979922792,0.953672061,1.034112297,1.017014819,1.017233126,1.034674064,1.015859031,1.093220339,1.111111111,1.088235294,1.018867925,1.046666667,1.121212121,#DIV/0!,,,,,,,,,,,,,,,,,,,,,,,,,,,,,,,,,,,,,,,,,,,,,,,,,,,,,,,,,,,,,,,,,,,,,,,,,,,,,,,,,,,,,,,,,,,,,,,,,,,,,,,,,,,,,,,,,,,,,,,,,,,,,,,,,,,,,,,,,,,,,,,,,,,,,,,,,,,,,,,,,,,,,,,,,,,,,,,,,,,,,,,,,,,,,,,,,,,,,,,,,,,,,,,,,,,,,,,,,,,,,,,,,,,,,,,,,,,,,,,,,,,,,,,,,,,,,,,,,,,,,,,,,,,,,,,,,,,,,,,,,,,,,,,,,,,,,,,,,,,,,,,,,,,,,,,,,,,,,,,,,,,,,,,,,,,,,,,,,,,,,,,,,,,,,,,,,,,,,,,,,,,,,,,,,,,,,,,,,,,,,,,,,,,,,,,,,,,,,,,,,,,,,,,,,,,,,,,,,,,,,,,,,,,,,,,,,,,,,,,,,,,,,,,,,,,,,,,,,,,,,,,,,,,,,,,,,,,,,,,,,,,,,,,,,,,,,,,,,,,,,,,,,,,,,,,,,,,,,,,,,,,,,,,,,,,,,,,,,,,,,,,,,,,,,,,,,,,,,,,,,,,,,,,,,,,,,,,,,,,,,,,,,,,,,,,,,,,,,,,,,,,,,,,,,,,,,,,,,,,,,,,,,,,,,,,,,,,,,,,,,,,,,,,,,,,,,,,,,,,,,,,,,,,,,,,,,,,,,,,,,,,,,,,,,,,,,,,,,,,,,,,,,,,,,,,,,,,,,,,,,,,,,,,,,,,,,,,,,,,,,,,,,,,,,,,,,,,,,,,,,,,,,,,,,,,,,,,,,,,,,,,,,,,,,,,,,,,,,,,,,,,,,,,,,,,,,,,,,,,,,,,,,,,,,,,,,,,,,,,,,,,,,,,,,,,,,,,,,,,,,,,,,,,,,,,,,,,,,,,,,,,,,,,,,,,,,,,,,,,,,,,,,,,,,,,,,,,,,,,,,,,,,,,,,,,,,,,,,,,,,,,
10.00,Ki,5P8,4cli,4clj,0.956711379,0.971193416,0.95180511,0.957553615,1.007053532,0.986666667,0.852599697,1.037690665,0.988468023,1.004807692,0.95180511,0.995998699,1.028369719,1,0.852599697,1.070621069,0.710469386,0.736437117,1.068019447,2.501099376,0.992403082,0.716242661,1.030864198,-10.8,0.057894737,0.727272727,0.983067314,1.018629151,1.018737673,1,1.08437331,1.084042553,1.096774194,1.042375604,1.043129388,1.060606061,1.057901157,1.057291667,1.0625,1.018990635,0.888888889,0.986143187,0.666666667,0.973978663,1.428571429,0.959183673,0.666666667,0.972514494,1.072625698,0.825845411,0.186483104,0.992220642,0.985385297,0.979144943,0.990528808,1.134751773,0.97260274,1.129032258,1.015810277,1.017142857,1.088235294,1.5,2.253388516,0.976214052,1.012405578,1.014255244,0.976662263,0.97591623,0.987538941,1.111111111,0.931506849,1.03125,0.977186312,0.983333333,1.194444444,1.5,,,,,,,,,,,,,,,,,,,,,,,,,,,,,,,,,,,,,,,,,,,,,,,,,,,,,,,,,,,,,,,,,,,,,,,,,,,,,,,,,,,,,,,,,,,,,,,,,,,,,,,,,,,,,,,,,,,,,,,,,,,,,,,,,,,,,,,,,,,,,,,,,,,,,,,,,,,,,,,,,,,,,,,,,,,,,,,,,,,,,,,,,,,,,,,,,,,,,,,,,,,,,,,,,,,,,,,,,,,,,,,,,,,,,,,,,,,,,,,,,,,,,,,,,,,,,,,,,,,,,,,,,,,,,,,,,,,,,,,,,,,,,,,,,,,,,,,,,,,,,,,,,,,,,,,,,,,,,,,,,,,,,,,,,,,,,,,,,,,,,,,,,,,,,,,,,,,,,,,,,,,,,,,,,,,,,,,,,,,,,,,,,,,,,,,,,,,,,,,,,,,,,,,,,,,,,,,,,,,,,,,,,,,,,,,,,,,,,,,,,,,,,,,,,,,,,,,,,,,,,,,,,,,,,,,,,,,,,,,,,,,,,,,,,,,,,,,,,,,,,,,,,,,,,,,,,,,,,,,,,,,,,,,,,,,,,,,,,,,,,,,,,,,,,,,,,,,,,,,,,,,,,,,,,,,,,,,,,,,,,,,,,,,,,,,,,,,,,,,,,,,,,,,,,,,,,,,,,,,,,,,,,,,,,,,,,,,,,,,,,,,,,,,,,,,,,,,,,,,,,,,,,,,,,,,,,,,,,,,,,,,,,,,,,,,,,,,,,,,,,,,,,,,,,,,,,,,,,,,,,,,,,,,,,,,,,,,,,,,,,,,,,,,,,,,,,,,,,,,,,,,,,,,,,,,,,,,,,,,,,,,,,,,,,,,,,,,,,,,,,,,,,,,,,,,,,,,,,,,,,,,,,,,,,,,,,,,,,,,,,,,,,,,,,,,,,,,,,,,,,,,,,,,,,,,,,,,,,,,,,,,,,,,,,,,,,,,,,,,,,,,,,,,,,,,,,,,,,,,,,,,,,,,,,,,,,,,,,,,,,,,
9.70,Ki,4SP,4eor,4eok,0.939495347,1.004255319,1.090881353,0.914830912,0.981559237,0.91509434,0.974583002,0.982895293,0.98991372,1.056338028,1.090881353,0.971409171,1.027649331,0.957671958,0.974583002,1.039277875,1.22543307,1.321568647,0.837082329,1.821541224,1.067581642,1.438077634,0.777358491,1.826906598,3.395348837,0.666666667,1.064878436,1.013957866,1.014285714,1,1.010165047,1.010672359,1.03030303,1.0175258,1.017621145,1.03125,1.028949692,1.029379761,1.03030303,1.048875855,1.037037037,1.038724374,0.75,1.058587882,0.964285714,1.098425197,1.5,0.862141927,0.848865282,0.50478407,-0.029126214,1.023253299,0.971334586,1.009625668,0.937995674,0.989361702,1.081395349,1.260869565,0.986622074,0.909090909,0.923076923,#DIV/0!,1.956022875,0.637183168,1.177328799,1.066154681,1.009000474,1.050976139,0.973246565,1.119565217,1.082352941,1.12,1.009933775,0.91627907,0.846153846,#DIV/0!,,,,,,,,,,,,,,,,,,,,,,,,,,,,,,,,,,,,,,,,,,,,,,,,,,,,,,,,,,,,,,,,,,,,,,,,,,,,,,,,,,,,,,,,,,,,,,,,,,,,,,,,,,,,,,,,,,,,,,,,,,,,,,,,,,,,,,,,,,,,,,,,,,,,,,,,,,,,,,,,,,,,,,,,,,,,,,,,,,,,,,,,,,,,,,,,,,,,,,,,,,,,,,,,,,,,,,,,,,,,,,,,,,,,,,,,,,,,,,,,,,,,,,,,,,,,,,,,,,,,,,,,,,,,,,,,,,,,,,,,,,,,,,,,,,,,,,,,,,,,,,,,,,,,,,,,,,,,,,,,,,,,,,,,,,,,,,,,,,,,,,,,,,,,,,,,,,,,,,,,,,,,,,,,,,,,,,,,,,,,,,,,,,,,,,,,,,,,,,,,,,,,,,,,,,,,,,,,,,,,,,,,,,,,,,,,,,,,,,,,,,,,,,,,,,,,,,,,,,,,,,,,,,,,,,,,,,,,,,,,,,,,,,,,,,,,,,,,,,,,,,,,,,,,,,,,,,,,,,,,,,,,,,,,,,,,,,,,,,,,,,,,,,,,,,,,,,,,,,,,,,,,,,,,,,,,,,,,,,,,,,,,,,,,,,,,,,,,,,,,,,,,,,,,,,,,,,,,,,,,,,,,,,,,,,,,,,,,,,,,,,,,,,,,,,,,,,,,,,,,,,,,,,,,,,,,,,,,,,,,,,,,,,,,,,,,,,,,,,,,,,,,,,,,,,,,,,,,,,,,,,,,,,,,,,,,,,,,,,,,,,,,,,,,,,,,,,,,,,,,,,,,,,,,,,,,,,,,,,,,,,,,,,,,,,,,,,,,,,,,,,,,,,,,,,,,,,,,,,,,,,,,,,,,,,,,,,,,,,,,,,,,,,,,,,,,,,,,,,,,,,,,,,,,,,,,,,,,,,,,,,,,,,,,,,,,,,,,,,,,,,,,,,,,,,,,,,,,,,,,,,,,,,,,,,,,,,,,,,,,,,,
0.03,Ki,AXI,4wa9,4twp,1.022544405,0.965217391,1.216773138,0.985238444,1.19229681,1.11682243,1.395283986,1.151224734,1.054965956,0.99086758,1.216773138,1.02193258,1.135110346,1.066985646,1.395283986,1.081047456,0.84062114,0.910742301,1.087210047,4.15783467,0.888687793,0.930756844,1.107894737,-13,0.278225806,1.5,0.913417784,1.008218389,1.008712488,1,0.967457227,0.96659919,0.971428571,1.002127407,1.001895735,1,0.969130867,0.968812877,0.971428571,0.936248912,0.807228916,1.638157895,4,0.898586493,0.69047619,1.690104167,3,0.939175932,0.932194617,1.065100795,1.057234727,1.023688714,1.034965035,1.059929495,1.037852113,1.198630137,1.275862069,1.117647059,1.012345679,1.053097345,1.205882353,2,-7.167912847,0.780821184,1.112225152,1.04976296,1.050967997,1.072966507,1.053697183,1.208333333,1.103448276,1.121212121,1.098684211,1.025862069,1.147058824,#DIV/0!,,,,,,,,,,,,,,,,,,,,,,,,,,,,,,,,,,,,,,,,,,,,,,,,,,,,,,,,,,,,,,,,,,,,,,,,,,,,,,,,,,,,,,,,,,,,,,,,,,,,,,,,,,,,,,,,,,,,,,,,,,,,,,,,,,,,,,,,,,,,,,,,,,,,,,,,,,,,,,,,,,,,,,,,,,,,,,,,,,,,,,,,,,,,,,,,,,,,,,,,,,,,,,,,,,,,,,,,,,,,,,,,,,,,,,,,,,,,,,,,,,,,,,,,,,,,,,,,,,,,,,,,,,,,,,,,,,,,,,,,,,,,,,,,,,,,,,,,,,,,,,,,,,,,,,,,,,,,,,,,,,,,,,,,,,,,,,,,,,,,,,,,,,,,,,,,,,,,,,,,,,,,,,,,,,,,,,,,,,,,,,,,,,,,,,,,,,,,,,,,,,,,,,,,,,,,,,,,,,,,,,,,,,,,,,,,,,,,,,,,,,,,,,,,,,,,,,,,,,,,,,,,,,,,,,,,,,,,,,,,,,,,,,,,,,,,,,,,,,,,,,,,,,,,,,,,,,,,,,,,,,,,,,,,,,,,,,,,,,,,,,,,,,,,,,,,,,,,,,,,,,,,,,,,,,,,,,,,,,,,,,,,,,,,,,,,,,,,,,,,,,,,,,,,,,,,,,,,,,,,,,,,,,,,,,,,,,,,,,,,,,,,,,,,,,,,,,,,,,,,,,,,,,,,,,,,,,,,,,,,,,,,,,,,,,,,,,,,,,,,,,,,,,,,,,,,,,,,,,,,,,,,,,,,,,,,,,,,,,,,,,,,,,,,,,,,,,,,,,,,,,,,,,,,,,,,,,,,,,,,,,,,,,,,,,,,,,,,,,,,,,,,,,,,,,,,,,,,,,,,,,,,,,,,,,,,,,,,,,,,,,,,,,,,,,,,,,,,,,,,,,,,,,,,,,,,,,,,,,,,,,,,,,,,,,,,,,,,,,,,,,,,,,,,,,,,,,,,,,,,,,,,,,,,,,,,,,,,,,,,,,,
0.01,Ki,4ZQ,5cav,5cas,1.051807628,1.021097046,0.924623706,1.073954501,1.172678221,1.145,1.284828762,1.154128754,1.032814673,1.009708738,0.924623706,1.054804889,1.108814155,1.085227273,1.284828762,1.075009921,0.852126809,0.877515813,1.040945871,1.155034612,0.969801124,0.938166311,1.009493671,1.067340067,0.617021277,6,0.959508136,1.018631686,1.018766756,1.03030303,1.014657747,1.014545455,1.03125,1.023892103,1.023831347,1.03125,1.038455939,1.037986705,1.032258065,0.976744186,2,0.977715877,0.75,0.981306142,#DIV/0!,0.88377724,3,1.197144657,1.796407186,1.058269066,1.132019704,1.070280315,1.016518424,0.989667049,1.004087193,1.066945607,1.1,0.992647059,0.972508591,0.99103139,1.007246377,1.5,0.949648704,0.8470457,1.082015292,1.079415782,1.019263699,0.97021764,1.006118287,1.054393305,1.038461538,1.007518797,0.968858131,1,1.007092199,1.714285714,,,,,,,,,,,,,,,,,,,,,,,,,,,,,,,,,,,,,,,,,,,,,,,,,,,,,,,,,,,,,,,,,,,,,,,,,,,,,,,,,,,,,,,,,,,,,,,,,,,,,,,,,,,,,,,,,,,,,,,,,,,,,,,,,,,,,,,,,,,,,,,,,,,,,,,,,,,,,,,,,,,,,,,,,,,,,,,,,,,,,,,,,,,,,,,,,,,,,,,,,,,,,,,,,,,,,,,,,,,,,,,,,,,,,,,,,,,,,,,,,,,,,,,,,,,,,,,,,,,,,,,,,,,,,,,,,,,,,,,,,,,,,,,,,,,,,,,,,,,,,,,,,,,,,,,,,,,,,,,,,,,,,,,,,,,,,,,,,,,,,,,,,,,,,,,,,,,,,,,,,,,,,,,,,,,,,,,,,,,,,,,,,,,,,,,,,,,,,,,,,,,,,,,,,,,,,,,,,,,,,,,,,,,,,,,,,,,,,,,,,,,,,,,,,,,,,,,,,,,,,,,,,,,,,,,,,,,,,,,,,,,,,,,,,,,,,,,,,,,,,,,,,,,,,,,,,,,,,,,,,,,,,,,,,,,,,,,,,,,,,,,,,,,,,,,,,,,,,,,,,,,,,,,,,,,,,,,,,,,,,,,,,,,,,,,,,,,,,,,,,,,,,,,,,,,,,,,,,,,,,,,,,,,,,,,,,,,,,,,,,,,,,,,,,,,,,,,,,,,,,,,,,,,,,,,,,,,,,,,,,,,,,,,,,,,,,,,,,,,,,,,,,,,,,,,,,,,,,,,,,,,,,,,,,,,,,,,,,,,,,,,,,,,,,,,,,,,,,,,,,,,,,,,,,,,,,,,,,,,,,,,,,,,,,,,,,,,,,,,,,,,,,,,,,,,,,,,,,,,,,,,,,,,,,,,,,,,,,,,,,,,,,,,,,,,,,,,,,,,,,,,,,,,,,,,,,,,,,,,,,,,,,,,,,,,,,,,,,,,,,,,,,,,,,,,,,,,,,,,,,,,,,,,,,,,,,,,,,,,,,,,
0.017431193,Ki,5Q4,5em8,5em7_A,1.13359458,1.008438819,1.039058709,1.143456072,1.055015466,0.948497854,0.785734879,1.097709924,1.136678546,1.009174312,1.039058709,1.147884448,1.082208633,0.97044335,0.785734879,1.137374604,0.945539841,0.979678996,1.101773246,1.334093991,1.004216332,1.002164502,1.152173913,1.432098765,0.08988764,5.5,1.023421053,1.031000814,1.030927835,1.033333333,1.046422362,1.046171171,1.035714286,1.054548298,1.054621849,1.033333333,1.074558234,1.07372176,1.076923077,1.036468813,0.846153846,0.954225352,0.5,1.106936416,0.138888889,1.668141593,0.5,1.06283836,0.972565158,1.134900118,1.107266436,1.039596813,1.077690972,1.065326633,1.065884477,1.301587302,1.071428571,1.555555556,1.03930131,1.040650407,1.25,#DIV/0!,1.785625892,0.868571779,1.070086721,1.022963134,1.066151203,1.061678463,1.060089686,1.25,1.085106383,1.444444444,1.072727273,1.0625,1.230769231,#DIV/0!,,,,,,,,,,,,,,,,,,,,,,,,,,,,,,,,,,,,,,,,,,,,,,,,,,,,,,,,,,,,,,,,,,,,,,,,,,,,,,,,,,,,,,,,,,,,,,,,,,,,,,,,,,,,,,,,,,,,,,,,,,,,,,,,,,,,,,,,,,,,,,,,,,,,,,,,,,,,,,,,,,,,,,,,,,,,,,,,,,,,,,,,,,,,,,,,,,,,,,,,,,,,,,,,,,,,,,,,,,,,,,,,,,,,,,,,,,,,,,,,,,,,,,,,,,,,,,,,,,,,,,,,,,,,,,,,,,,,,,,,,,,,,,,,,,,,,,,,,,,,,,,,,,,,,,,,,,,,,,,,,,,,,,,,,,,,,,,,,,,,,,,,,,,,,,,,,,,,,,,,,,,,,,,,,,,,,,,,,,,,,,,,,,,,,,,,,,,,,,,,,,,,,,,,,,,,,,,,,,,,,,,,,,,,,,,,,,,,,,,,,,,,,,,,,,,,,,,,,,,,,,,,,,,,,,,,,,,,,,,,,,,,,,,,,,,,,,,,,,,,,,,,,,,,,,,,,,,,,,,,,,,,,,,,,,,,,,,,,,,,,,,,,,,,,,,,,,,,,,,,,,,,,,,,,,,,,,,,,,,,,,,,,,,,,,,,,,,,,,,,,,,,,,,,,,,,,,,,,,,,,,,,,,,,,,,,,,,,,,,,,,,,,,,,,,,,,,,,,,,,,,,,,,,,,,,,,,,,,,,,,,,,,,,,,,,,,,,,,,,,,,,,,,,,,,,,,,,,,,,,,,,,,,,,,,,,,,,,,,,,,,,,,,,,,,,,,,,,,,,,,,,,,,,,,,,,,,,,,,,,,,,,,,,,,,,,,,,,,,,,,,,,,,,,,,,,,,,,,,,,,,,,,,,,,,,,,,,,,,,,,,,,,,,,,,,,,,,,,,,,,,,,,,,,,,,,,,,,,,,,,,,,,,,,,,,,,,,,,,,,,,,,,,,,,,,,,,,,,,,,,,,,,,,,,,,,,,,,,,,,,,,
0.02,Ki,5Q4,5em8,5em7_B,1.130004354,1.016877637,1.197719554,1.122940655,0.998745344,0.86695279,0.764573603,1.035873292,1.129742198,1.013761468,1.197719554,1.121938993,1.050276803,0.911330049,0.764573603,1.103438657,0.920001424,0.952846705,1.117066469,1.357665482,1.000347569,0.989177489,1.144927536,1.551440329,-0.08988764,5,1.014736842,1.026396422,1.026804124,1.033333333,1.042445399,1.041666667,1.035714286,1.05209309,1.052521008,1.033333333,1.063299052,1.063020214,1.076923077,1.034959759,0.538461538,1.014084507,0.5,1.07961114,0.194444444,1.584070796,0.5,1.013921114,0.951989026,0.926674501,0.660899654,1.029784334,1.084635417,1.072361809,1.055054152,1.26984127,1.051020408,1.555555556,1.021834061,1.040650407,1.25,#DIV/0!,1.75258041,0.842624241,1.079585088,1.056837178,1.090635739,1.076845298,1.087892377,1.265625,1.010638298,1.555555556,1.022727273,1.046875,1.153846154,#DIV/0!,,,,,,,,,,,,,,,,,,,,,,,,,,,,,,,,,,,,,,,,,,,,,,,,,,,,,,,,,,,,,,,,,,,,,,,,,,,,,,,,,,,,,,,,,,,,,,,,,,,,,,,,,,,,,,,,,,,,,,,,,,,,,,,,,,,,,,,,,,,,,,,,,,,,,,,,,,,,,,,,,,,,,,,,,,,,,,,,,,,,,,,,,,,,,,,,,,,,,,,,,,,,,,,,,,,,,,,,,,,,,,,,,,,,,,,,,,,,,,,,,,,,,,,,,,,,,,,,,,,,,,,,,,,,,,,,,,,,,,,,,,,,,,,,,,,,,,,,,,,,,,,,,,,,,,,,,,,,,,,,,,,,,,,,,,,,,,,,,,,,,,,,,,,,,,,,,,,,,,,,,,,,,,,,,,,,,,,,,,,,,,,,,,,,,,,,,,,,,,,,,,,,,,,,,,,,,,,,,,,,,,,,,,,,,,,,,,,,,,,,,,,,,,,,,,,,,,,,,,,,,,,,,,,,,,,,,,,,,,,,,,,,,,,,,,,,,,,,,,,,,,,,,,,,,,,,,,,,,,,,,,,,,,,,,,,,,,,,,,,,,,,,,,,,,,,,,,,,,,,,,,,,,,,,,,,,,,,,,,,,,,,,,,,,,,,,,,,,,,,,,,,,,,,,,,,,,,,,,,,,,,,,,,,,,,,,,,,,,,,,,,,,,,,,,,,,,,,,,,,,,,,,,,,,,,,,,,,,,,,,,,,,,,,,,,,,,,,,,,,,,,,,,,,,,,,,,,,,,,,,,,,,,,,,,,,,,,,,,,,,,,,,,,,,,,,,,,,,,,,,,,,,,,,,,,,,,,,,,,,,,,,,,,,,,,,,,,,,,,,,,,,,,,,,,,,,,,,,,,,,,,,,,,,,,,,,,,,,,,,,,,,,,,,,,,,,,,,,,,,,,,,,,,,,,,,,,,,,,,,,,,,,,,,,,,,,,,,,,,,,,,,,,,,,,,,,,,,,,,,,,,,,,,,,,,,,,,,,,,,,,,,
